{
    "unknown_model_datasetwikitext2_sparsity0.7_typeunstructured_prune_DSnoT_dlp": {
        "alpha": 0.18175582990397804,
        "ppl": 25.496917724609375
    }
}